post_id,text,date,likes
20335,"–°–µ–≥–æ–¥–Ω—è –≤ –ü–∏—Ç–µ—Ä—Å–∫–æ–π –í—ã—à–∫–µ –Ω–∞—á–∞–ª–∞—Å—å –∑–∏–º–Ω—è—è —Å–µ—Å—Å–∏—è!

–í–µ—Ä—å—Ç–µ –≤ —Å–µ–±—è, —Å–≤–æ–∏ —Å–∏–ª—ã –∏ –∑–Ω–∞–Ω–∏—è ‚Äî –∏ –Ω–µ –∑–∞–±—ã–≤–∞–π—Ç–µ –æ—Ç–¥—ã—Ö–∞—Ç—å –≤ –ø–µ—Ä–µ—Ä—ã–≤–∞—Ö –º–µ–∂–¥—É —ç–∫–∑–∞–º–µ–Ω–∞–º–∏. –í—Å—ë –ø–æ–ª—É—á–∏—Ç—Å—è üí™",1734679800,"{'can_like': 1, 'count': 34, 'user_likes': 0, 'can_publish': 1, 'repost_disabled': False}"
20329,"‚òÉ –ü–æ–¥–≤–æ–¥–∏–º –∏—Ç–æ–≥–∏ –Ω–æ–≤–æ–≥–æ–¥–Ω–µ–≥–æ —Ä–æ–∑—ã–≥—Ä—ã—à–∞! –ü–æ–¥–∞—Ä–∫–∏ –æ—Ç –ü–∏—Ç–µ—Ä—Å–∫–æ–π –í—ã—à–∫–∏ –ø–æ–ª—É—á–∞—é—Ç: 

‚Äî [id436502976|–î–µ–Ω–∏—Å –ö—É–∑—å–º–∏–Ω];
‚Äî [id764354|–£–ª—å—è–Ω–∞ –ì–∞–ª–µ–µ–≤–∞];
‚Äî [id437049318|–ò–ª—å—è –ö–∏—Ä–∏–ª–ª–æ–≤];
‚Äî [id199732168|–õ–∏—è –ì–∏–º–∞–¥–∏–µ–≤–∞];
‚Äî [id327038769|–î–º–∏—Ç—Ä–∏–π –Æ–Ω].

–ü–æ–∑–¥—Ä–∞–≤–ª—è–µ–º –ø–æ–±–µ–¥–∏—Ç–µ–ª–µ–π! –í—ã –º–æ–∂–µ—Ç–µ –∑–∞–±—Ä–∞—Ç—å –ø–æ–¥–∞—Ä–∫–∏ –≤ –∫–æ—Ä–ø—É—Å–µ –Ω–∞ –ö–∞–Ω—Ç–µ–º–∏—Ä–æ–≤—Å–∫–æ–π, –∑–∞ –ø–æ–¥—Ä–æ–±–Ω–æ—Å—Ç—è–º–∏ –Ω–∞–ø–∏—à–∏—Ç–µ –≤ –ª–∏—á–Ω—ã–µ —Å–æ–æ–±—â–µ–Ω–∏—è –≥—Ä—É–ø–ø—ã. 

–ë–ª–∞–≥–æ–¥–∞—Ä–∏–º –≤—Å–µ—Ö, –∫—Ç–æ —É—á–∞—Å—Ç–≤–æ–≤–∞–ª –≤ –∫–æ–Ω–∫—É—Ä—Å–µ –∏ –ø–æ–¥–µ–ª–∏–ª—Å—è —Ö–æ—Ä–æ—à–∏–º–∏ —Å–æ–±—ã—Ç–∏—è–º–∏ –≤ –∫–æ–º–º–µ–Ω—Ç–∞—Ä–∏—è—Ö! –û—á–µ–Ω—å —Ä–∞–¥–æ—Å—Ç–Ω–æ, —á—Ç–æ —É –º–Ω–æ–≥–∏—Ö –æ–Ω–∏ —Å–≤—è–∑–∞–Ω—ã —Å –ü–∏—Ç–µ—Ä—Å–∫–æ–π –í—ã—à–∫–æ–π üíô",1734608011,"{'can_like': 1, 'count': 18, 'user_likes': 0, 'can_publish': 1, 'repost_disabled': False}"
20328,"–ò—Å—Å–ª–µ–¥–æ–≤–∞—Ç–µ–ª–∏ –∏–∑ –ü–∏—Ç–µ—Ä—Å–∫–æ–π –í—ã—à–∫–∏ —Å—Ç–∞–ª–∏ –ø–æ–±–µ–¥–∏—Ç–µ–ª—è–º–∏ –∫–æ–Ω–∫—É—Ä—Å–∞ –ö–æ–º–∏—Ç–µ—Ç–∞ –ø–æ –Ω–∞—É–∫–µ –∏ –≤—ã—Å—à–µ–π —à–∫–æ–ª–µ –¥–ª—è –º–æ–ª–æ–¥—ã—Ö —É—á—ë–Ω—ã—Ö. –û–Ω–∏ –ø–æ–ª—É—á–∏–ª–∏ –≥—Ä–∞–Ω—Ç—ã –¥–æ 200 —Ç—ã—Å—è—á —Ä—É–±–ª–µ–π –Ω–∞ –ø—Ä–æ–≤–µ–¥–µ–Ω–∏–µ –∏—Å—Å–ª–µ–¥–æ–≤–∞–Ω–∏–π üî• 
 
–ü–æ–∑–¥—Ä–∞–≤–ª—è–µ–º –ê–Ω–∞—Å—Ç–∞—Å–∏—é –°–µ–º—ë–Ω–æ–≤—É, –º–ª–∞–¥—à–µ–≥–æ –Ω–∞—É—á–Ω–æ–≥–æ —Å–æ—Ç—Ä—É–¥–Ω–∏–∫–∞ –¶–µ–Ω—Ç—Ä–∞ –º–µ–∂–¥–∏—Å—Ü–∏–ø–ª–∏–Ω–∞—Ä–Ω—ã—Ö —Ñ—É–Ω–¥–∞–º–µ–Ω—Ç–∞–ª—å–Ω—ã—Ö –∏—Å—Å–ª–µ–¥–æ–≤–∞–Ω–∏–π; –ê–Ω–Ω—É –°—Ç—Ä–∏–º–æ–≤—Å–∫—É—é, —Å—Ç–∞—Ä—à–µ–≥–æ –ø—Ä–µ–ø–æ–¥–∞–≤–∞—Ç–µ–ª—è –¥–µ–ø–∞—Ä—Ç–∞–º–µ–Ω—Ç–∞ –ª–æ–≥–∏—Å—Ç–∏–∫–∏ –∏ —É–ø—Ä–∞–≤–ª–µ–Ω–∏—è —Ü–µ–ø—è–º–∏ –ø–æ—Å—Ç–∞–≤–æ–∫, –∞ —Ç–∞–∫–∂–µ –Ω–∞—É—á–Ω—ã—Ö —Å–æ—Ç—Ä—É–¥–Ω–∏–∫–æ–≤ –ú–µ–∂–¥—É–Ω–∞—Ä–æ–¥–Ω–æ–π –ª–∞–±–æ—Ä–∞—Ç–æ—Ä–∏–∏ –∫–≤–∞–Ω—Ç–æ–≤–æ–π –æ–ø—Ç–æ—ç–ª–µ–∫—Ç—Ä–æ–Ω–∏–∫–∏: –ù–∏–∫–∏—Ç—É –§–æ–º–∏–Ω—ã—Ö, –≠–¥—É–∞—Ä–¥–∞ –ú–æ–∏—Å–µ–µ–≤–∞ –∏ –ò–≤–∞–Ω–∞ –ú–∞—Ö–æ–≤–∞! 
 
–ü–æ–¥—Ä–æ–±–Ω–µ–µ: https://clck.ru/3FKZdt",1734601597,"{'can_like': 1, 'count': 7, 'user_likes': 0, 'can_publish': 1, 'repost_disabled': False}"
20326,"23 –¥–µ–∫–∞–±—Ä—è —Å–æ—Å—Ç–æ–∏—Ç—Å—è —Ñ–∏–Ω–∞–ª—å–Ω–æ–µ –≤ —ç—Ç–æ–º –≥–æ–¥—É –∑–∞—Å–µ–¥–∞–Ω–∏–µ –Ω–∞—É—á–Ω–æ–≥–æ —Å–µ–º–∏–Ω–∞—Ä–∞ ¬´–°–æ–≤—Ä–µ–º–µ–Ω–Ω—ã–µ –º–µ–¥–∏–∞: —Å—Ç—Ä—É–∫—Ç—É—Ä—ã –∏ —ç—Ñ—Ñ–µ–∫—Ç—ã¬ª üåê 

–° –¥–æ–∫–ª–∞–¥–æ–º –≤—ã—Å—Ç—É–ø–∏—Ç –ï–≤–≥–µ–Ω–∏–π –ö–æ–∂–µ–º—è–∫–∏–Ω, –¥–∏—Ä–µ–∫—Ç–æ—Ä –¶–µ–Ω—Ç—Ä–∞ —Ä–∞–∑–≤–∏—Ç–∏—è –Ω–∞—É—á–Ω—ã—Ö –∫–æ–º–ø–µ—Ç–µ–Ω—Ü–∏–π —Ñ–∞–∫—É–ª—å—Ç–µ—Ç–∞ –∫—Ä–µ–∞—Ç–∏–≤–Ω—ã—Ö –∏–Ω–¥—É—Å—Ç—Ä–∏–π –ù–ò–£ –í–®–≠. –û–Ω –ø–æ–∑–Ω–∞–∫–æ–º–∏—Ç —É—á–∞—Å—Ç–Ω–∏–∫–æ–≤ —Å–µ–º–∏–Ω–∞—Ä–∞ —Å —Å–æ–≤—Ä–µ–º–µ–Ω–Ω—ã–º–∏ –ø–æ–¥—Ö–æ–¥–∞–º–∏ –∫ –∏–∑—É—á–µ–Ω–∏—é –≤–æ—Å–ø—Ä–∏—è—Ç–∏—è –º–µ–¥–∏–∞—Ç–µ–∫—Å—Ç–æ–≤, –≤–∫–ª—é—á–∞—è –º—É–ª—å—Ç–∏–º–æ–¥–∞–ª—å–Ω—ã–π –∞–Ω–∞–ª–∏–∑, –∏ —Ä–∞—Å—Å–∫–∞–∂–µ—Ç, –∫–∞–∫ –≥–∏–ø–µ—Ä—Ç–µ–∫—Å—Ç—É–∞–ª—å–Ω–æ—Å—Ç—å, –∏–Ω—Ç–µ—Ä–∞–∫—Ç–∏–≤–Ω–æ—Å—Ç—å –∏ –¥—Ä—É–≥–∏–µ —Ñ–∞–∫—Ç–æ—Ä—ã –º–µ–Ω—è—é—Ç –Ω–∞—à–µ –≤–∑–∞–∏–º–æ–¥–µ–π—Å—Ç–≤–∏–µ —Å –∫–æ–Ω—Ç–µ–Ω—Ç–æ–º.

–ï–≤–≥–µ–Ω–∏–π –ö–æ–∂–µ–º—è–∫–∏–Ω —Ç–∞–∫–∂–µ –ø–æ–¥–µ–ª–∏—Ç—Å—è —Ä–µ–∑—É–ª—å—Ç–∞—Ç–∞–º–∏ –¥–≤—É—Ö —ç–∫—Å–ø–µ—Ä–∏–º–µ–Ω—Ç–∞–ª—å–Ω—ã—Ö –∏—Å—Å–ª–µ–¥–æ–≤–∞–Ω–∏–π, –≤ –∫–æ—Ç–æ—Ä—ã—Ö –æ–Ω –ø—Ä–∏–Ω—è–ª —É—á–∞—Å—Ç–∏–µ, –∏ –æ–±—ä—è—Å–Ω–∏—Ç, –∫–∞–∫ —Ä–∞–∑–ª–∏—á–Ω—ã–µ —ç–ª–µ–º–µ–Ω—Ç—ã —Ç–µ–∫—Å—Ç–∞ —É–ø—Ä–∞–≤–ª—è—é—Ç –≤–Ω–∏–º–∞–Ω–∏–µ–º —á–∏—Ç–∞—Ç–µ–ª–µ–π –∏ –∏—Ö –≤–æ—Å–ø—Ä–∏—è—Ç–∏–µ–º —Ç–µ–∫—Å—Ç–∞. 

–°–µ–º–∏–Ω–∞—Ä –ø—Ä–æ–π–¥—ë—Ç –≤ –∫–æ—Ä–ø—É—Å–µ –Ω–∞ –Ω–∞–±. –∫–∞–Ω–∞–ª–∞ –ì—Ä–∏–±–æ–µ–¥–æ–≤–∞, 123 –∏ –æ–Ω–ª–∞–π–Ω. –ù–∞—á–∞–ª–æ –≤ 14:00. –†–µ–≥–∏—Å—Ç—Ä–∏—Ä—É–π—Ç–µ—Å—å –ø–æ —Å—Å—ã–ª–∫–µ: https://clck.ru/3FJpPm",1734597000,"{'can_like': 1, 'count': 7, 'user_likes': 0, 'can_publish': 1, 'repost_disabled': False}"
20314,"–†–∞—Å—Å–∫–∞–∑–∞—Ç—å –æ —Å–≤–æ—ë–º –∏—Å—Å–ª–µ–¥–æ–≤–∞–Ω–∏–∏, –ø—Ä–æ–∫–∞—á–∞—Ç—å –æ—Ä–∞—Ç–æ—Ä—Å–∫–∏–µ –Ω–∞–≤—ã–∫–∏ –∏ –≤—ã–∏–≥—Ä–∞—Ç—å –≥—Ä–∞–Ω—Ç –Ω–∞ –Ω–∞—É—á–Ω—ã–µ –ø—É—Ç–µ—à–µ—Å—Ç–≤–∏—è üì¢
 
–¢–∞–∫–∏–µ –≤–æ–∑–º–æ–∂–Ω–æ—Å—Ç–∏ –¥–∞—ë—Ç —É—á–∞—Å—Ç–∏–µ –≤ –ø—Ä–æ–µ–∫—Ç–µ ¬´–ù–∞—É—á–Ω—ã–µ –±–æ–∏: –í—ã—à–∫–∞¬ª. –ù–µ–¥–∞–≤–Ω–æ —Å—Ç–∞—Ä—Ç–æ–≤–∞–ª –Ω–∞–±–æ—Ä –Ω–∞ VIII —Å–µ–∑–æ–Ω. –£—á–∞—Å—Ç–Ω–∏–∫–∞–º–∏ –º–æ–≥—É—Ç —Å—Ç–∞—Ç—å —Å—Ç—É–¥–µ–Ω—Ç—ã –∏ –∞—Å–ø–∏—Ä–∞–Ω—Ç—ã –≤—Å–µ—Ö —Ñ–∞–∫—É–ª—å—Ç–µ—Ç–æ–≤ –∏ –∫–∞–º–ø—É—Å–æ–≤ –í—ã—à–∫–∏. –ß—Ç–æ–±—ã –ø–æ–¥–∞—Ç—å –∑–∞—è–≤–∫—É, –∑–∞–ø–æ–ª–Ω–∏—Ç–µ –∞–Ω–∫–µ—Ç—É –¥–æ 26 –¥–µ–∫–∞–±—Ä—è: https://vk.cc/cGadrZ
 
–ü–æ–¥—Ä–æ–±–Ω–µ–µ –æ –ø—Ä–æ–µ–∫—Ç–µ: https://nb.hse.ru/",1734523619,"{'can_like': 1, 'count': 24, 'user_likes': 0, 'can_publish': 1, 'repost_disabled': False}"
20310,"–ó–≤—ë–∑–¥—ã —Å—Ç—É–¥–µ–Ω—á–µ—Å–∫–æ–≥–æ —Å–ø–æ—Ä—Ç–∞ ‚Äî –≤ –ü–∏—Ç–µ—Ä—Å–∫–æ–π –í—ã—à–∫–µ ‚≠ê

–í —Å–µ—Ä–µ–¥–∏–Ω–µ –¥–µ–∫–∞–±—Ä—è –≤ –°–∞–Ω–∫—Ç-–ü–µ—Ç–µ—Ä–±—É—Ä–≥–µ –≤–ø–µ—Ä–≤—ã–µ —Å–æ—Å—Ç–æ—è–ª—Å—è –ë–∞–ª ¬´–ó–≤—ë–∑–¥—ã —Å—Ç—É–¥–µ–Ω—á–µ—Å–∫–æ–≥–æ —Å–ø–æ—Ä—Ç–∞¬ª. –ù–∞ —Ç–æ—Ä–∂–µ—Å—Ç–≤–µ–Ω–Ω–æ–π —Ü–µ—Ä–µ–º–æ–Ω–∏–∏ –≤ –°–ü–±–ì–£–ü–¢–î –≤—Å—Ç—Ä–µ—Ç–∏–ª–∏—Å—å —Ç–∞–ª–∞–Ω—Ç–ª–∏–≤—ã–µ —Å—Ç—É–¥–µ–Ω—Ç—ã –∏ —Å–ø–æ—Ä—Ç—Å–º–µ–Ω—ã, –∏—Ö –Ω–∞—Å—Ç–∞–≤–Ω–∏–∫–∏, –ø—Ä–µ–¥—Å—Ç–∞–≤–∏—Ç–µ–ª–µ–π –≤–µ–¥—É—â–∏—Ö –≤—É–∑–æ–≤ —Ä–µ–≥–∏–æ–Ω–∞ –∏ –∏–∑–≤–µ—Å—Ç–Ω—ã–µ –¥–µ—è—Ç–µ–ª–∏ –≤ –æ–±–ª–∞—Å—Ç–∏ —Ñ–∏–∑–∏—á–µ—Å–∫–æ–π –∫—É–ª—å—Ç—É—Ä—ã –∏ —Å–ø–æ—Ä—Ç–∞.

–î–∏—Ä–µ–∫—Ç–æ—Ä –¶–µ–Ω—Ç—Ä–∞ –ø–æ–¥–¥–µ—Ä–∂–∫–∏ –º–æ–ª–æ–¥—ë–∂–Ω—ã—Ö –ø—Ä–æ–µ–∫—Ç–æ–≤ –ê–ª–µ–∫—Å–∞–Ω–¥—Ä –£–≥—Ä—é–º–æ–≤ –ø–æ–ª—É—á–∏–ª –±–ª–∞–≥–æ–¥–∞—Ä–Ω–æ—Å—Ç—å –∑–∞ —Ä–∞–∑–≤–∏—Ç–∏–µ —Å—Ç—É–¥–µ–Ω—á–µ—Å–∫–æ–≥–æ —Å–ø–æ—Ä—Ç–∞, –∞ –±–∞—Å–∫–µ—Ç–±–æ–ª—å–Ω–∞—è –ª–∏–≥–∞ –ü–∏—Ç–µ—Ä—Å–∫–æ–π –í—ã—à–∫–∏ —Å—Ç–∞–ª–∞ –ø–æ–±–µ–¥–∏—Ç–µ–ª–µ–º –≤ –Ω–æ–º–∏–Ω–∞—Ü–∏–∏ ¬´–õ—É—á—à–µ–µ –≤–Ω—É—Ç—Ä–∏–≤—É–∑–æ–≤—Å–∫–æ–µ –º–µ—Ä–æ–ø—Ä–∏—è—Ç–∏–µ¬ª üèÜ",1734515400,"{'can_like': 1, 'count': 79, 'user_likes': 0, 'can_publish': 1, 'repost_disabled': False}"
20304,"–ö–∞—Ä—å–µ—Ä–∞, —Å–æ–±—Å—Ç–≤–µ–Ω–Ω–∞—è –∫–≤–∞—Ä—Ç–∏—Ä–∞, –±—Ä–∞–∫ ‚Äî –º—ã –ø—Ä–∏–≤—ã–∫–ª–∏ –¥—É–º–∞—Ç—å, —á—Ç–æ –ø–æ—è–≤–ª–µ–Ω–∏–µ –≤ –∂–∏–∑–Ω–∏ —Ç–∞–∫–∏—Ö —Ü–µ–Ω–Ω–æ—Å—Ç–µ–π –¥–µ–ª–∞–µ—Ç —á–µ–ª–æ–≤–µ–∫–∞ –≤–∑—Ä–æ—Å–ª—ã–º. –û–¥–Ω–∞–∫–æ —Å–µ–≥–æ–¥–Ω—è –º–æ–ª–æ–¥—ã–µ –ª—é–¥–∏ —Å—á–∏—Ç–∞—é—Ç —Å–æ–≤—Å–µ–º –∏–Ω–∞—á–µ. –°–æ—Ü–∏–æ–ª–æ–≥ –ê–Ω–∞—Å—Ç–∞—Å–∏—è –ê–Ω–¥—Ä–µ–µ–≤–∞ –∏–∑ –¶–µ–Ω—Ç—Ä–∞ –º–æ–ª–æ–¥—ë–∂–Ω—ã—Ö –∏—Å—Å–ª–µ–¥–æ–≤–∞–Ω–∏–π –≤—ã—è–≤–∏–ª–∞ –Ω–æ–≤—ã–µ –∫—Ä–∏—Ç–µ—Ä–∏–∏ –≤–∑—Ä–æ—Å–ª–æ—Å—Ç–∏. 
 
–ü–æ—á–µ–º—É —Ç—Ä–∞–¥–∏—Ü–∏–æ–Ω–Ω–æ–µ –ø–æ–Ω–∏–º–∞–Ω–∏–µ –≤–∑—Ä–æ—Å–ª–æ—Å—Ç–∏ –±–æ–ª—å—à–µ –Ω–µ —Ä–∞–±–æ—Ç–∞–µ—Ç –∏ –∫–∞–∫ –≤–∑—Ä–æ—Å–ª–µ–µ—Ç —Å–æ–≤—Ä–µ–º–µ–Ω–Ω–∞—è –º–æ–ª–æ–¥—ë–∂—å ‚Äî —á–∏—Ç–∞–π—Ç–µ –≤ –º–∞—Ç–µ—Ä–∏–∞–ª–µ: https://clck.ru/3FJEuk",1734511489,"{'can_like': 1, 'count': 22, 'user_likes': 0, 'can_publish': 1, 'repost_disabled': False}"
20298,"–ù–∞—É—á–∏—Ç–µ—Å—å –≥–æ–≤–æ—Ä–∏—Ç—å —É–≤–µ—Ä–µ–Ω–Ω–æ üó£ 
 
–ß–µ—Ä–µ–∑ –ø–æ–ª—á–∞—Å–∞ –Ω–∞—á–Ω—ë–º —Ç—Ä–∞–Ω—Å–ª—è—Ü–∏—é –º–∞—Å—Ç–µ—Ä-–∫–ª–∞—Å—Å–∞ –ø–æ —Å–∞–º–æ–ø—Ä–µ–∑–µ–Ω—Ç–∞—Ü–∏–∏. –ï–≥–æ –ø—Ä–æ–≤–µ–¥—ë—Ç –ú–∞—Ä–≥–∞—Ä–∏—Ç–∞ –ö–∞–¥—á–∏–∫, –¥–∏—Ä–µ–∫—Ç–æ—Ä –¶–µ–Ω—Ç—Ä–∞ —Ä–∞–∑–≤–∏—Ç–∏—è –∫–∞—Ä—å–µ—Ä—ã –ù–ò–£ –í–®–≠ ‚Äî –°–∞–Ω–∫—Ç-–ü–µ—Ç–µ—Ä–±—É—Ä–≥. –ù–∞ –º–∞—Å—Ç–µ—Ä-–∫–ª–∞—Å—Å–µ –æ–±—Å—É–¥–∏–º —Ä–∞–∑–Ω—ã–µ —Å–ø–æ—Å–æ–±—ã —Å–∞–º–æ–ø—Ä–µ–∑–µ–Ω—Ç–∞—Ü–∏–∏, —Å—Ç—Ä—É–∫—Ç—É—Ä—É –∏–¥–µ–∞–ª—å–Ω–æ–≥–æ –ø–∏—Ç—á–∞ –∏ –ø—Å–∏—Ö–æ–ª–æ–≥–∏—á–µ—Å–∫–∏–µ –∞—Å–ø–µ–∫—Ç—ã –ø—É–±–ª–∏—á–Ω—ã—Ö –≤—ã—Å—Ç—É–ø–ª–µ–Ω–∏–π. –í—ã –Ω–∞—É—á–∏—Ç–µ—Å—å –¥—ã—Ö–∞—Ç–µ–ª—å–Ω—ã–º –∏ –≥–æ–ª–æ—Å–æ–≤—ã–º —Ç–µ—Ö–Ω–∏–∫–∞–º –¥–ª—è –ø–æ–¥–≥–æ—Ç–æ–≤–∫–∏ —Ä–µ—á–µ–≤–æ–≥–æ –∞–ø–ø–∞—Ä–∞—Ç–∞, –∞ —Ç–∞–∫–∂–µ —É–∑–Ω–∞–µ—Ç–µ, –∫–∞–∫ —Ä–∞–±–æ—Ç–∞—Ç—å —Å –≤–æ–∑—Ä–∞–∂–µ–Ω–∏—è–º–∏ –∏ –æ—Ç–≤–µ—á–∞—Ç—å –Ω–∞ —Å–ª–æ–∂–Ω—ã–µ –≤–æ–ø—Ä–æ—Å—ã. –ü–æ–¥–∫–ª—é—á–∞–π—Ç–µ—Å—å!",1734442260,"{'can_like': 1, 'count': 32, 'user_likes': 0, 'can_publish': 1, 'repost_disabled': False}"
20296,"–°—É–ø—Ä—É–≥–∏ –û–ª–µ—Å—è –∏ –°–µ—Ä–≥–µ–π –ö–æ–ª—å—Ü–æ–≤—ã ‚Äî –Ω–æ–≤—ã–µ –≥–µ—Ä–æ–∏ –ø—Ä–æ–µ–∫—Ç–∞ ¬´–°–µ–º—å–∏ –í—ã—à–∫–∏¬ª. –û–ª–µ—Å—è –Æ—Ä—å–µ–≤–Ω–∞ ‚Äî –ø—Ä–æ—Ñ–µ—Å—Å–æ—Ä –¥–µ–ø–∞—Ä—Ç–∞–º–µ–Ω—Ç–∞ —Å–æ—Ü–∏–æ–ª–æ–≥–∏–∏, —Ä—É–∫–æ–≤–æ–¥–∏—Ç –õ–∞–±–æ—Ä–∞—Ç–æ—Ä–∏–µ–π —Å–æ—Ü–∏–∞–ª—å–Ω–æ–π –∏ –∫–æ–≥–Ω–∏—Ç–∏–≤–Ω–æ–π –∏–Ω—Ñ–æ—Ä–º–∞—Ç–∏–∫–∏ –≤ –ü–∏—Ç–µ—Ä—Å–∫–æ–π –í—ã—à–∫–µ. –°–µ—Ä–≥–µ–π –ù–∏–∫–æ–ª–∞–µ–≤–∏—á ‚Äî –≤–µ–¥—É—â–∏–π –Ω–∞—É—á–Ω—ã–π —Å–æ—Ç—Ä—É–¥–Ω–∏–∫ —ç—Ç–æ–π –ª–∞–±–æ—Ä–∞—Ç–æ—Ä–∏–∏, –ø—Ä–æ—Ñ–µ—Å—Å–æ—Ä –¥–µ–ø–∞—Ä—Ç–∞–º–µ–Ω—Ç–∞ –∏–Ω—Ñ–æ—Ä–º–∞—Ç–∏–∫–∏. 

–ö–æ–ª–ª–µ–≥–∏ –ø–æ–∑–Ω–∞–∫–æ–º–∏–ª–∏—Å—å –µ—â—ë –≤ —Å—Ç—É–¥–µ–Ω—á–µ—Å—Ç–≤–µ –∏ –ø–æ–∑–∂–µ —Å—Ç–∞–ª–∏ –∑–∞–Ω–∏–º–∞—Ç—å—Å—è —Å–æ–≤–º–µ—Å—Ç–Ω—ã–º–∏ –ø—Ä–æ–µ–∫—Ç–∞–º–∏. –û–±—Å—É–∂–¥–∞–µ—Ç –ª–∏ —Å–µ–º—å—è –ö–æ–ª—å—Ü–æ–≤—ã—Ö —Ä–∞–±–æ—Ç—É –¥–æ–º–∞ –∏ –¥–æ–ª–∂–Ω—ã –ª–∏ –¥–µ—Ç–∏ –∏–¥—Ç–∏ –ø–æ ¬´–Ω–∞—É—á–Ω—ã–º —Å—Ç–æ–ø–∞–º¬ª —Ä–æ–¥–∏—Ç–µ–ª–µ–π ‚Äî —Ä–∞—Å—Å–∫–∞–∑–∞–ª–∏ –≤ –∏–Ω—Ç–µ—Ä–≤—å—é: https://clck.ru/3FHPgH",1734438000,"{'can_like': 1, 'count': 99, 'user_likes': 0, 'can_publish': 1, 'repost_disabled': False}"
20293,–ì–æ—Ç–æ–≤–Ω–æ—Å—Ç—å –∫ –ù–æ–≤–æ–º—É –≥–æ–¥—É ‚Äî 99% üéÑ,1734433413,"{'can_like': 1, 'count': 72, 'user_likes': 0, 'can_publish': 1, 'repost_disabled': False}"
20292,"–ö–æ–º–∞–Ω–¥–∞ –ú–µ–∂–¥—É–Ω–∞—Ä–æ–¥–Ω–æ–π –ª–∞–±–æ—Ä–∞—Ç–æ—Ä–∏–∏ –∫–≤–∞–Ω—Ç–æ–≤–æ–π –æ–ø—Ç–æ—ç–ª–µ–∫—Ç—Ä–æ–Ω–∏–∫–∏ ‚Äî –≤ —á–∏—Å–ª–µ –ø–æ–±–µ–¥–∏—Ç–µ–ª–µ–π –∞–∫—Å–µ–ª–µ—Ä–∞—Ç–æ—Ä–∞ ¬´–ö–≤–∞–Ω—Ç–æ–≤—ã–µ –≤—ã—á–∏—Å–ª–µ–Ω–∏—è¬ª –æ—Ç ¬´–†–æ—Å–∞—Ç–æ–º–∞¬ª. –ò—Å—Å–ª–µ–¥–æ–≤–∞–Ω–∏–µ —Ñ–∏–∑–∏–∫–æ–≤ –∏–∑ –ü–∏—Ç–µ—Ä—Å–∫–æ–π –í—ã—à–∫–∏ –ø–æ—Å–≤—è—â–µ–Ω–æ –º–∏–∫—Ä–æ–ª–∞–∑–µ—Ä–∞–º –¥–ª—è —Å–∏—Å—Ç–µ–º –∫–≤–∞–Ω—Ç–æ–≤—ã—Ö –≤—ã—á–∏—Å–ª–µ–Ω–∏–π üöÄ 
 
–û—Å–Ω–æ–≤–Ω–∞—è —Ü–µ–ª—å –∞–∫—Å–µ–ª–µ—Ä–∞—Ç–æ—Ä–∞ ‚Äî –ø–æ–¥—Ç–≤–µ—Ä–¥–∏—Ç—å –Ω–∞—É—á–Ω—ã–π –ø–æ—Ç–µ–Ω—Ü–∏–∞–ª –ø—Ä–µ–¥–ª–∞–≥–∞–µ–º—ã—Ö –∏–Ω–∏—Ü–∏–∞—Ç–∏–≤. –í—Å–µ–≥–æ –≤ –ø—Ä–æ–µ–∫—Ç–µ —É—á–∞—Å—Ç–≤–æ–≤–∞–ª–∏ 43 –ø—Ä–æ–µ–∫—Ç–∞, –∫–æ—Ç–æ—Ä—ã–µ –ø—Ä–µ–¥—Å—Ç–∞–≤–∏–ª–∏ –∫—Ä—É–ø–Ω—ã–µ —Ä–æ—Å—Å–∏–π—Å–∫–∏–µ –≤—É–∑—ã –∏ –∫–æ—Ä–ø–æ—Ä–∞—Ü–∏–∏. –ì–ª–∞–≤–Ω—ã–º–∏ –∫—Ä–∏—Ç–µ—Ä–∏—è–º–∏ –∫–∞—á–µ—Å—Ç–≤–∞ –∏—Å—Å–ª–µ–¥–æ–≤–∞—Ç–µ–ª—å—Å–∫–∏—Ö –ø—Ä–æ–µ–∫—Ç–æ–≤ –±—ã–ª–∏ –≤–æ—Å—Ç—Ä–µ–±–æ–≤–∞–Ω–Ω–æ—Å—Ç—å –≤ –Ω–∞—É–∫–µ –∏ –±–∏–∑–Ω–µ—Å–µ, –ø–µ—Ä—Å–ø–µ–∫—Ç–∏–≤–Ω–æ—Å—Ç—å —Ç–µ—Ö–Ω–æ–ª–æ–≥–∏–π –∏ –≤—ã—Å–æ–∫–∞—è —ç–∫—Å–ø–µ—Ä—Ç–∏–∑–∞ –∫–æ–º–∞–Ω–¥. –ü–æ–¥—Ä–æ–±–Ω–µ–µ: https://clck.ru/3FH8Jf",1734427080,"{'can_like': 1, 'count': 7, 'user_likes': 0, 'can_publish': 1, 'repost_disabled': False}"
20233,"–ò–≥–æ—Ä—å –ö—É–∑–∏–Ω–µ—Ä, —Å—Ç–∞—Ä—à–∏–π –ø—Ä–µ–ø–æ–¥–∞–≤–∞—Ç–µ–ª—å –¥–µ–ø–∞—Ä—Ç–∞–º–µ–Ω—Ç–∞ –∏—Å—Ç–æ—Ä–∏–∏, —Å 2016 –≥–æ–¥–∞ –∏—Å—Å–ª–µ–¥—É–µ—Ç —Ä–µ–ª–∏–≥–∏–æ–∑–Ω—ã–µ —Å–æ–æ–±—â–µ—Å—Ç–≤–∞, –∞ –≤ —Å–≤–æ–µ–π –∫–∞–Ω–¥–∏–¥–∞—Ç—Å–∫–æ–π –æ–Ω –∏–∑—É—á–∏–ª –±–∏–æ–≥—Ä–∞—Ñ–∏–∏ —Å—Ç–∞—Ä–æ–æ–±—Ä—è–¥—Ü–µ–≤-—Å—Ç—Ä–∞–Ω–Ω–∏–∫–æ–≤. –≠—Ç–æ–π –æ—Å–µ–Ω—å—é —É—á—ë–Ω—ã–π –≤—ã–ø—É—Å—Ç–∏–ª –ø–æ–¥–∫–∞—Å—Ç ¬´–°–≤—è—Ç—ã–µ –∏–∑ –ø–æ–¥–ø–æ–ª—å—è¬ª –¥–ª—è ¬´–Ø–Ω–¥–µ–∫—Å –ö–Ω–∏–≥¬ª –∏ ¬´–Ø–Ω–¥–µ–∫—Å –ú—É–∑—ã–∫–∏¬ª. 
 
–ö–∞–∫ –ø—Ä–µ–≤—Ä–∞—Ç–∏—Ç—å –º–Ω–æ–≥–æ–ª–µ—Ç–Ω–µ–µ –∏—Å—Å–ª–µ–¥–æ–≤–∞–Ω–∏–µ –≤ –ø–æ–¥–∫–∞—Å—Ç, –ø–µ—Ä–µ—Å–º–æ—Ç—Ä–µ—Ç—å —Å–≤–æ—ë –æ—Ç–Ω–æ—à–µ–Ω–∏–µ –∫ —Å—Ç–∞—Ä–æ–æ–±—Ä—è–¥—Ü–∞–º, –ø–æ—á–µ–º—É –≤ –Ω–∞—É—á–Ω–æ–π —Ä–∞–±–æ—Ç–µ –≤–∞–∂–Ω–æ —Å–æ–º–Ω–µ–≤–∞—Ç—å—Å—è –∏ –±—ã—Ç—å –Ω–µ —Ç–æ–ª—å–∫–æ ¬´—Ö–æ—Ä–æ—à–∏–º –ø–∞—Ä–Ω–µ–º¬ª ‚Äî –≤ —Ä—É–±—Ä–∏–∫–µ ¬´–ö–æ–¥ —É—á—ë–Ω–æ–≥–æ¬ª: https://clck.ru/3FGEFm",1734354631,"{'can_like': 1, 'count': 95, 'user_likes': 0, 'can_publish': 1, 'repost_disabled': False}"
20203,"–ü—Ä–∞–∑–¥–Ω–∏–∫ –∫ –Ω–∞–º –ø—Ä–∏—Ö–æ–¥–∏—Ç! –ê –≤–º–µ—Å—Ç–µ —Å –Ω–∏–º ‚Äî —Ç—Ä–∞–¥–∏—Ü–∏–æ–Ω–Ω—ã–π —Ä–æ–∑—ã–≥—Ä—ã—à –ø–æ–¥–∞—Ä–∫–æ–≤ –æ—Ç –ü–∏—Ç–µ—Ä—Å–∫–æ–π –í—ã—à–∫–∏. –î–∞—Ä–∏–º 5 –∫–æ–º–ø–ª–µ–∫—Ç–æ–≤ –º–µ—Ä—á–∞: 
 
1‚É£ —Ç–æ–ª—Å—Ç–æ–≤–∫—É –∏ —Ç–µ—Ä–º–æ–∫—Ä—É–∂–∫—É; 
2‚É£ —Å–≤–∏—Ç—à–æ—Ç –∏ —à–∞–ø–∫—É; 
3‚É£ —Ç–µ—Ä–º–æ–∫—Ä—É–∂–∫—É –∏ –ø–æ—Ä—Ç–∞—Ç–∏–≤–Ω—É—é –∑–∞—Ä—è–¥–∫—É; 
4‚É£ –ø–ª–µ–¥ –∏ —Ç–µ—Ä–º–æ–∫—Ä—É–∂–∫—É; 
5‚É£ –Ω–æ–≤–æ–≥–æ–¥–Ω–∏–π –Ω–∞–±–æ—Ä —Å –∫—Ä—É–∂–∫–æ–π, —á–∞–µ–º, –≥–∏—Ä–ª—è–Ω–¥–æ–π –∏ —Å–≤–µ—á–∫–æ–π. 
 
–ß—Ç–æ–±—ã –ø—Ä–∏–Ω—è—Ç—å —É—á–∞—Å—Ç–∏–µ: 
 
‚Äî —É–±–µ–¥–∏—Ç–µ—Å—å, —á—Ç–æ –≤—ã –ø–æ–¥–ø–∏—Å–∞–Ω—ã –Ω–∞ —Å–æ–æ–±—â–µ—Å—Ç–≤–æ [club299|–ü–∏—Ç–µ—Ä—Å–∫–æ–π –í—ã—à–∫–∏]; 
‚Äî –ø–æ—Å—Ç–∞–≤—å—Ç–µ –ª–∞–π–∫ —ç—Ç–æ–π –∑–∞–ø–∏—Å–∏; 
‚Äî —Ä–∞—Å—Å–∫–∞–∂–∏—Ç–µ –≤ –∫–æ–º–º–µ–Ω—Ç–∞—Ä–∏—è—Ö, —á–µ–º –∑–∞–ø–æ–º–Ω–∏–ª—Å—è —É—Ö–æ–¥—è—â–∏–π –≥–æ–¥: –∫–∞–∫–∏–µ —Ö–æ—Ä–æ—à–∏–µ —Å–æ–±—ã—Ç–∏—è –ø—Ä–æ–∏–∑–æ—à–ª–∏ —Å –≤–∞–º–∏ –≤ 2024 –∏ —á–µ–≥–æ —É–¥–∞–ª–æ—Å—å –¥–æ—Å—Ç–∏—á—å. 
 
–ö–æ–º–º–µ–Ω—Ç–∞—Ä–∏–π –Ω—É–∂–Ω–æ –æ—Å—Ç–∞–≤–∏—Ç—å –¥–æ 23:59 18 –¥–µ–∫–∞–±—Ä—è. 19 –¥–µ–∫–∞–±—Ä—è –≤—ã–±–µ—Ä–µ–º –ø–æ–±–µ–¥–∏—Ç–µ–ª–µ–π —Å –ø–æ–º–æ—â—å—é –≥–µ–Ω–µ—Ä–∞—Ç–æ—Ä–∞ —Å–ª—É—á–∞–π–Ω—ã—Ö —á–∏—Å–µ–ª. –£—á–∞—Å—Ç–≤–æ–≤–∞—Ç—å –≤ —Ä–æ–∑—ã–≥—Ä—ã—à–µ –º–æ–≥—É—Ç —Å—Ç—É–¥–µ–Ω—Ç—ã –±–∞–∫–∞–ª–∞–≤—Ä–∏–∞—Ç–∞ –∏ –º–∞–≥–∏—Å—Ç—Ä–∞—Ç—É—Ä—ã –ù–ò–£ –í–®–≠ ‚Äî –°–∞–Ω–∫—Ç-–ü–µ—Ç–µ—Ä–±—É—Ä–≥ –ª—é–±–æ–≥–æ –≥–æ–¥–∞ –æ–±—É—á–µ–Ω–∏—è. –£–¥–∞—á–∏! ‚ú®",1734350401,"{'can_like': 1, 'count': 231, 'user_likes': 0, 'can_publish': 1, 'repost_disabled': False}"
20202,"–ö–æ–Ω–µ—Ü –¥–µ–∫–∞–±—Ä—è ‚Äî –≤—Ä–µ–º—è –ø–æ–∫–∞–∑–∞—Ç—å, –Ω–∞ —á—Ç–æ —Å–ø–æ—Å–æ–±–µ–Ω –∫–∞–∂–¥—ã–π –∏–∑ –Ω–∞—Å üí™üèª

–°–æ–±—Ä–∞—Ç—å—Å—è —Å —Å–∏–ª–∞–º–∏ –ø–æ–º–æ–≥—É—Ç –º–µ—Ä–æ–ø—Ä–∏—è—Ç–∏—è –Ω–µ–¥–µ–ª–∏: –ø–æ—Å–ª–µ–¥–Ω—è—è –≤ —Å–µ–∑–æ–Ω–µ –∏–≥—Ä–∞ –±–∞—Å–∫–µ—Ç–±–æ–ª—å–Ω–æ–π –∫–æ–º–∞–Ω–¥—ã, –ø–µ—Ä–≤—ã–π —Ä–µ–≥—É–ª—è—Ä–Ω—ã–π —Å–µ–º–∏–Ω–∞—Ä –∏—Å—Ç–æ—Ä–∏–∫–æ–≤, –Ω–æ–≤–æ–≥–æ–¥–Ω–∏–π –ø—Ä–æ—Å–º–æ—Ç—Ä ¬´–ì—Ä–∏–Ω—á–∞¬ª –∏‚Ä¶–¥–µ–¥–ª–∞–π–Ω –°–û–ü–∞! –ß–µ–º –µ—â—ë –ø–æ—Ä–∞–¥—É–µ—Ç –Ω–æ–≤–∞—è –Ω–µ–¥–µ–ª—è ‚Äî —Ä–∞—Å—Å–∫–∞–∑—ã–≤–∞–µ–º –≤ –¥–∞–π–¥–∂–µ—Å—Ç–µ: https://vk.cc/cG5i8R",1734347220,"{'can_like': 1, 'count': 4, 'user_likes': 0, 'can_publish': 1, 'repost_disabled': False}"
20200,"1‚Äì2 —Ñ–µ–≤—Ä–∞–ª—è –≤ –ü–∏—Ç–µ—Ä—Å–∫–æ–π –í—ã—à–∫–µ –ø—Ä–æ–π–¥—ë—Ç –µ–∂–µ–≥–æ–¥–Ω–∞—è –ó–∏–º–Ω—è—è —à–∫–æ–ª–∞: –¥–ª—è —Ç–µ—Ö, –∫—Ç–æ –ø–ª–∞–Ω–∏—Ä—É–µ—Ç –ø–æ—Å—Ç—É–ø–∞—Ç—å –≤ –º–∞–≥–∏—Å—Ç—Ä–∞—Ç—É—Ä—É –≤ 2025 –≥–æ–¥—É, —Ö–æ—á–µ—Ç —Å–º–µ–Ω–∏—Ç—å –ø—Ä–æ—Ñ–µ—Å—Å–∏–æ–Ω–∞–ª—å–Ω—É—é —Ç—Ä–∞–µ–∫—Ç–æ—Ä–∏—é –∏–ª–∏ —Å–æ–º–Ω–µ–≤–∞–µ—Ç—Å—è, —Å—Ç–æ–∏—Ç –ª–∏ –ø–æ–ª—É—á–∞—Ç—å —Å—Ç–µ–ø–µ–Ω—å –º–∞–≥–∏—Å—Ç—Ä–∞. 
 
–í—ã —Å–º–æ–∂–µ—Ç–µ –≤—ã–±—Ä–∞—Ç—å –ø–æ–¥—Ö–æ–¥—è—â—É—é –ø—Ä–æ–≥—Ä–∞–º–º—É, –ø—Ä–æ–∫–æ–Ω—Å—É–ª—å—Ç–∏—Ä–æ–≤–∞—Ç—å—Å—è –ø–æ –ø–æ–¥–≥–æ—Ç–æ–≤–∫–µ –∫ —ç–∫–∑–∞–º–µ–Ω–∞–º –∏ –ø–æ—Ä—Ç—Ñ–æ–ª–∏–æ; —É–∑–Ω–∞—Ç—å –ø—Ä–æ –ø–æ—Å—Ç—É–ø–ª–µ–Ω–∏–µ –ø–æ –æ–ª–∏–º–ø–∏–∞–¥–∞–º –∏ –∫–æ–Ω–∫—É—Ä—Å–∞–º. –í—Å–µ —É—á–∞—Å—Ç–Ω–∏–∫–∏ –ø–æ–ª—É—á–∞—Ç —Å–µ—Ä—Ç–∏—Ñ–∏–∫–∞—Ç, –∫–æ—Ç–æ—Ä—ã–π –¥–∞—ë—Ç –¥–æ–ø–æ–ª–Ω–∏—Ç–µ–ª—å–Ω—ã–µ –±–∞–ª–ª—ã –ø—Ä–∏ –ø–æ—Å—Ç—É–ø–ª–µ–Ω–∏–∏ –≤ –º–∞–≥–∏—Å—Ç—Ä–∞—Ç—É—Ä—É –ü–∏—Ç–µ—Ä—Å–∫–æ–π –í—ã—à–∫–∏. 
 
–†–µ–≥–∏—Å—Ç—Ä–∏—Ä—É–π—Ç–µ—Å—å –Ω–∞ —Å–∞–π—Ç–µ: https://vk.cc/cG5gbT",1734343697,"{'can_like': 1, 'count': 10, 'user_likes': 0, 'can_publish': 1, 'repost_disabled': False}"
20197,,1734251123,"{'can_like': 1, 'count': 74, 'user_likes': 0, 'can_publish': 1, 'repost_disabled': False}"
20196,"–í –°–∞–Ω–∫—Ç-–ü–µ—Ç–µ—Ä–±—É—Ä–≥–µ –ø—Ä–æ—à—ë–ª –¥–µ–º–æ-–¥–µ–Ω—å –ò–Ω–∂–µ–Ω–µ—Ä–Ω–æ-–º–∞—Ç–µ–º–∞—Ç–∏—á–µ—Å–∫–æ–π —à–∫–æ–ª—ã ‚Äî —Å–æ–≤–º–µ—Å—Ç–Ω–æ–≥–æ –ø—Ä–æ–µ–∫—Ç–∞ VK –∏ –ù–ò–£ –í–®–≠ üöÄ

–°—Ç—É–¥–µ–Ω—Ç—ã –∏–∑ –ø–∏—Ç–µ—Ä—Å–∫–æ–≥–æ –∏ –º–æ—Å–∫–æ–≤—Å–∫–æ–≥–æ –∫–∞–º–ø—É—Å–æ–≤ –í—ã—à–∫–∏ –ø–æ—Å–µ—Ç–∏–ª–∏ –æ—Ñ–∏—Å –∫–æ–º–ø–∞–Ω–∏–∏ –≤ –î–æ–º–µ –ó–∏–Ω–≥–µ—Ä–∞, —É—á–∞—Å—Ç–≤–æ–≤–∞–ª–∏ –≤ IT-–∫–≤–∏–∑–µ –∏ –ø—Ä–µ–∑–µ–Ω—Ç–æ–≤–∞–ª–∏ –∏—Ç–æ–≥–æ–≤—ã–µ –ø—Ä–æ–µ–∫—Ç—ã, –≤—ã–ø–æ–ª–Ω–µ–Ω–Ω—ã–µ –≤ –º–∞—Å—Ç–µ—Ä—Å–∫–∏—Ö –ò–ú–®: –º–æ–¥–µ–ª—å –æ—Ü–µ–Ω–∫–∏ —Å–∏–Ω—Ç–µ–∑–∞ —Ä–µ—á–∏, –∫–æ—Ç–æ—Ä–∞—è —É–ª—É—á—à–∞–µ—Ç –ø—Ä–æ—Ü–µ—Å—Å –ø—Ä–µ–æ–±—Ä–∞–∑–æ–≤–∞–Ω–∏—è –∞—É–¥–∏–æ –≤ —Ç–µ–∫—Å—Ç, –∏ –Ω–æ–≤—ã–µ —Ñ—É–Ω–∫—Ü–∏–∏ –¥–ª—è —Ä–µ–¥–∞–∫—Ç–æ—Ä–∞ –∏–∑–æ–±—Ä–∞–∂–µ–Ω–∏–π. –ß–µ–º –µ—â—ë –∑–∞–ø–æ–º–Ω–∏–ª—Å—è –¥–µ–º–æ-–¥–µ–Ω—å ‚Äî —á–∏—Ç–∞–π—Ç–µ –≤ —Ä–µ–ø–æ—Ä—Ç–∞–∂–µ: https://clck.ru/3FDanT",1734166020,"{'can_like': 1, 'count': 15, 'user_likes': 0, 'can_publish': 1, 'repost_disabled': False}"
20194,"–í–µ—Ä–Ω—ã–π —Å–ø–æ—Å–æ–± –ø–æ–ª—É—á–∏—Ç—å –ø–æ—Ä—Ü–∏—é –Ω–æ–≤–æ–≥–æ–¥–Ω–µ–≥–æ –Ω–∞—Å—Ç—Ä–æ–µ–Ω–∏—è ‚Äî –ø–æ–¥–∞—Ä–∏—Ç—å –µ–≥–æ –¥—Ä—É–≥–∏–º üåü

–í –ü–∏—Ç–µ—Ä—Å–∫–æ–π –í—ã—à–∫–µ –ø—Ä–æ—Ö–æ–¥–∏—Ç —Ç—Ä–∞–¥–∏—Ü–∏–æ–Ω–Ω—ã–π –±–ª–∞–≥–æ—Ç–≤–æ—Ä–∏—Ç–µ–ª—å–Ω—ã–π —Å–±–æ—Ä, –æ—Ä–≥–∞–Ω–∏–∑–æ–≤–∞–Ω–Ω—ã–π [club212232725|–î–æ–±—Ä–æ.–¶–µ–Ω—Ç—Ä–æ–º] .–†–∞—Å—Å–∫–∞–∑—ã–≤–∞–µ–º, –∫–∞–∫ –ø—Ä–∏–Ω—è—Ç—å –≤ –Ω—ë–º —É—á–∞—Å—Ç–∏–µ ‚û°",1734093481,"{'can_like': 1, 'count': 21, 'user_likes': 0, 'can_publish': 1, 'repost_disabled': False}"
20192,"–î—Ä—É–∂–µ—Å–∫–æ–µ –Ω–∞–ø–æ–º–∏–Ω–∞–Ω–∏–µ: –ø—Ä–æ–π—Ç–∏ —Å—Ç—É–¥–µ–Ω—á–µ—Å–∫—É—é –æ—Ü–µ–Ω–∫—É –ø—Ä–µ–ø–æ–¥–∞–≤–∞–Ω–∏—è –∑–∞ –≤—Ç–æ—Ä–æ–π –º–æ–¥—É–ª—å –Ω—É–∂–Ω–æ –¥–æ 23:59 19 –¥–µ–∫–∞–±—Ä—è üíô 
 
–û—Ü–µ–Ω–∏—Ç—å –ø—Ä–µ–ø–æ–¥–∞–≤–∞—Ç–µ–ª–µ–π –∏ —É—á–µ–±–Ω—ã–µ –¥–∏—Å—Ü–∏–ø–ª–∏–Ω—ã, –∞ —Ç–∞–∫–∂–µ –æ—Å—Ç–∞–≤–∏—Ç—å –∫–æ–º–º–µ–Ω—Ç–∞—Ä–∏–∏ –æ–± –æ–±—â–µ–π –æ—Ä–≥–∞–Ω–∏–∑–∞—Ü–∏–∏ —É—á–µ–±–Ω–æ–≥–æ –ø—Ä–æ—Ü–µ—Å—Å–∞ –º–æ–∂–Ω–æ –≤ —Å–ø–µ—Ü–∏–∞–ª—å–Ω–æ–º —Ä–∞–∑–¥–µ–ª–µ LMS ¬´–û—Ü–µ–Ω–∏ —Å–≤–æ–∏ –∫—É—Ä—Å—ã¬ª. –£—á–∞—Å—Ç–∏–µ –≤ –∫–∞–º–ø–∞–Ω–∏–∏ –æ–±—è–∑–∞—Ç–µ–ª—å–Ω–æ –¥–ª—è –≤—Å–µ—Ö —Å—Ç—É–¥–µ–Ω—Ç–æ–≤.",1734088034,"{'can_like': 1, 'count': 30, 'user_likes': 0, 'can_publish': 1, 'repost_disabled': False}"
20191,"–ü–∏—Ç–µ—Ä—Å–∫–∞—è –í—ã—à–∫–∞ —Å—Ç–∞–ª–∞ –ø–∞—Ä—Ç–Ω–µ—Ä–æ–º —Ñ–æ—Ä—Å–∞–π—Ç-—Å–µ—Å—Å–∏–∏ CODE –æ—Ç italy&co. –∏ park.ideas. 

–§–æ—Ä—Å–∞–π—Ç-—Å–µ—Å—Å–∏—è CODE ‚Äî –æ–±—Ä–∞–∑–æ–≤–∞—Ç–µ–ª—å–Ω—ã–π –ø–µ—Ä—Ñ–æ–º–∞–Ω—Å, –Ω–∞ –∫–æ—Ç–æ—Ä–æ–º –ø—Ä–µ–¥–ø—Ä–∏–Ω–∏–º–∞—Ç–µ–ª–∏ —É—á–∞—Ç—Å—è –≤–Ω–µ–¥—Ä—è—Ç—å —Ç–≤–æ—Ä—á–µ—Å—Ç–≤–æ –≤ –±–∏–∑–Ω–µ—Å-–ø—Ä–æ—Ü–µ—Å—Å—ã. –ü—Ä–µ–ø–æ–¥–∞–≤–∞—Ç–µ–ª–∏, —Å—Ç—É–¥–µ–Ω—Ç—ã –∏ –≤—ã–ø—É—Å–∫–Ω–∏–∫–∏ –º–∞–≥–∏—Å—Ç—Ä–∞—Ç—É—Ä—ã ¬´–ú–µ–Ω–µ–¥–∂–º–µ–Ω—Ç –≤ –∏–Ω–¥—É—Å—Ç—Ä–∏–∏ –≤–ø–µ—á–∞—Ç–ª–µ–Ω–∏–π¬ª –ø—Ä–∏–Ω—è–ª–∏ —É—á–∞—Å—Ç–∏–µ –≤ –æ—Ä–≥–∞–Ω–∏–∑–∞—Ü–∏–∏ –º–µ—Ä–æ–ø—Ä–∏—è—Ç–∏—è. –ï–≥–æ –ø–∞—Ä—Ç–Ω–µ—Ä–∞–º–∏ —Ç–∞–∫–∂–µ —Å—Ç–∞–ª–∏ –ú—É–∑–µ–π –§–∞–±–µ—Ä–∂–µ –∏ –®–∫–æ–ª–∞ —É–ø—Ä–∞–≤–ª–µ–Ω–∏—è ¬´–°–∫–æ–ª–∫–æ–≤–æ¬ª. 

–ü–æ–¥—Ä–æ–±–Ω–µ–µ –æ –º–µ—Ä–æ–ø—Ä–∏—è—Ç–∏–∏ —á–∏—Ç–∞–π—Ç–µ –≤ –º–∞—Ç–µ—Ä–∏–∞–ª–µ: https://clck.ru/3FC88W",1734015169,"{'can_like': 1, 'count': 15, 'user_likes': 0, 'can_publish': 1, 'repost_disabled': False}"
